activity_id,object_type,object_id,activity_type,activity_at,owner_id,outcome
ACT-3001,lead,L-1001,email,2026-03-29T11:30:00Z,O-102,Replied
ACT-3002,opportunity,OP-2001,meeting,2026-03-27T15:00:00Z,O-102,Completed
ACT-3003,lead,L-1002,call,2026-03-28T10:00:00Z,O-101,Connected
ACT-3004,opportunity,OP-2002,email,2026-03-26T13:30:00Z,O-101,Replied
ACT-3005,account,A-1003,task,2026-03-24T09:00:00Z,O-101,Completed
ACT-3006,opportunity,OP-2004,meeting,2026-03-25T14:30:00Z,O-101,Completed
ACT-3007,lead,L-1005,email,2026-03-30T16:30:00Z,O-102,Replied
ACT-3008,account,A-1005,meeting,2026-03-30T17:00:00Z,O-102,Completed
ACT-3009,lead,L-1004,email,2026-03-25T14:30:00Z,O-100,Completed
